{
    "logistic": {
        "accuracy": 0.9740528773568344,
        "precision": 0.057692307692307696,
        "recall": 0.9183673469387755,
        "f1": 0.10856453558504221,
        "roc_auc": 0.9706446028045433,
        "pr_auc": 0.7079673813706608,
        "specificity": 0.974148846370287
    },
    "random_forest": {
        "accuracy": 0.9995259997893332,
        "precision": 0.961038961038961,
        "recall": 0.7551020408163265,
        "f1": 0.8457142857142858,
        "roc_auc": 0.9580093714469468,
        "pr_auc": 0.848657694441137,
        "specificity": 0.9999472425436128
    },
    "xgboost": {
        "accuracy": 0.9995084442259752,
        "precision": 0.8804347826086957,
        "recall": 0.826530612244898,
        "f1": 0.8526315789473684,
        "roc_auc": 0.9708690911648845,
        "pr_auc": 0.8739435851911285,
        "specificity": 0.9998065559932471
    },
    "isolation": {
        "accuracy": 0.9979459990871107,
        "precision": 0.35384615384615387,
        "recall": 0.23469387755102042,
        "f1": 0.2822085889570552,
        "roc_auc": 0.6169776365808,
        "pr_auc": 0.08436219315452088,
        "specificity": 0.9992613956105796
    }
}